CountryID,Country Name,WEBNAME,Region,World Rank,Region Rank,2016 Score,Change in Yearly Score from 2015,Property Rights,Change in Property Rights from 2015,Freedom from Corruption,Change in Freedom from Corruption from 2015,Fiscal Freedom ,Change in Fiscal Freedom from 2015,Gov't Spending,Change in Gov't Spending from 2015,Business Freedom,Change in Business Freedom from 2015,Labor Freedom,Change in Labor Freedom from 2015,Monetary Freedom,Change in Monetary Freedom from 2015,Trade Freedom,Change in Trade Freedom from 2015,Investment Freedom ,Change in Investment Freedom from 2015,Financial Freedom,Change in Financial Freedom from 2015,Tariff Rate (%),Income Tax Rate (%),Corporate Tax Rate (%),Tax Burden % of GDP,Gov't Expenditure % of GDP ,Country,Population (Millions),"GDP (Billions, PPP)",GDP Growth Rate (%),5 Year GDP Growth Rate (%),GDP per Capita (PPP),Unemployment (%),Inflation (%),FDI Inflow (Millions),Public Debt (% of GDP)
1,Afghanistan,Afghanistan,Asia-Pacific,N/A,N/A,N/A,N/A,N/A,N/A,12.0,4.0,91.6,-0.1,81.2,0.0,56.6,-4.8,63.2,-4.3,N/A,N/A,N/A,N/A,55,0.0,N/A,N/A,N/A,20.0,20.0,6.6,25.0,Afghanistan,31.3,$60.6 ,1.5,6.8,"$1,937",9.1,4.6,53.6,6.7
2,Albania,Albania,Europe,59,27,65.9,0.2,35.0,5.0,33.0,2.0,87.8,0.6,75.0,-1.1,67.6,-3.0,51.5,-1.4,81.7,0.9,87.6,-0.2,70,0.0,70,0.0,1.2,23.0,15.0,21.7,28.9,Albania,2.8,$31.6 ,2.1,2.3,"$11,377",16.1,1.6,"1,093.5",72.6
3,Algeria,Algeria,Middle East / North Africa,154,13,50.1,1.2,25.0,-5.0,36.0,0.0,81.0,1.0,59.4,20.7,62.1,-4.5,48.2,-2.3,68.1,-3.1,60.8,0.0,30,5.0,30,0.0,12.1,35.0,23.0,12.2,38.0,Algeria,38.7,$551.8 ,4.1,3.3,"$14,259",9.5,2.9,"1,488.0",8.8
4,Angola,Angola,Sub-Saharan Africa,156,39,48.9,1.0,15.0,0.0,19.0,-4.0,87.8,3.3,50.1,0.0,50.3,2.9,44.8,1.6,72.2,6.8,70.2,0.0,40,0.0,40,0.0,4.9,17.0,30.0,6.0,40.8,Angola,24.4,$175.6 ,4.2,4.7,"$7,203",6.8,7.3,"-3,881.0",38.0
5,Argentina,Argentina,South and Central America / Caribbean,169,27,43.8,-0.3,15.0,0.0,34.0,0.0,66.1,-0.7,51.3,10.1,56,3.2,43.9,0.6,44.0,-15.6,67.4,-1.4,30,0.0,30,0.0,6.3,35.0,35.0,30.6,40.3,Argentina,42.0,$947.6 ,0.5,4.4,"$22,582",8.2,37.6,"6,612.0",48.6
6,Armenia,Armenia,Europe,54,23,67.0,-0.1,20.0,0.0,37.0,1.0,83.8,-0.6,80.7,-2.1,77.5,-5.2,62.2,-2.1,72.8,2.2,85.6,0.2,80,5.0,70,0.0,2.2,26.0,20.0,23.4,25.4,Armenia,3.3,$24.3 ,3.4,4.2,"$7,374",17.1,3.1,382.8,44.2
7,Australia,Australia,Asia-Pacific,5,4,80.3,-1.1,90.0,0.0,80.0,-1.0,63.2,-0.5,62.0,0.2,89.4,-4.7,77.2,-4.4,85.2,-0.1,86.4,0.0,80,0.0,90,0.0,1.8,45.0,30.0,27.5,35.6,Australia,23.6,"$1,095.4 ",2.7,2.7,"$46,433",6.0,2.5,"51,854.2",34.3
8,Austria,Austria,Europe,28,15,71.7,0.5,90.0,0.0,72.0,3.0,50.7,0.6,22.4,2.6,79.4,1.4,72.5,-4.2,81.7,1.4,88,0.0,90,0.0,70,0.0,1.0,50.0,25.0,42.5,50.9,Austria,8.5,$395.5 ,0.3,1.3,"$46,420",5.0,1.5,"4,674.9",86.8
9,Azerbaijan,Azerbaijan,Asia-Pacific,91,16,60.2,-0.8,20.0,0.0,29.0,1.0,88.0,-0.1,56.7,-3.0,70.3,-4.2,75.2,-3.9,77.0,-2.8,75.8,-0.2,60,5.0,50,0.0,4.6,25.0,20.0,13.3,38.0,Azerbaijan,9.4,$165.3 ,2.8,3.2,"$17,618",5.2,1.4,"4,430.4",16.4
10,Bahamas,Bahamas,South and Central America / Caribbean,31,2,70.9,2.2,70.0,0.0,71.0,0.0,97.9,0.1,84.3,1.1,70.7,1.8,72.8,-2.5,78.5,-0.3,64,11.8,40,10.0,60,0.0,13.0,0.0,0.0,14.4,22.8,The Bahamas,0.4,$9.0 ,1.3,1.1,"$25,049",15.4,1.2,"1,595.9",60.4
11,Bahrain,Bahrain,Middle East / North Africa,18,1,74.3,0.9,60.0,0.0,49.0,1.0,99.9,0.0,75.4,2.3,71.9,-0.6,79.1,-4.0,74.6,0.4,82.6,4.0,70,5.0,80,0.0,3.7,0.0,0.0,3.1,28.6,Bahrain,1.2,$61.9 ,4.7,4.0,"$51,714",4.1,2.5,957.4,43.8
12,Bangladesh,Bangladesh,Asia-Pacific,137,29,53.3,-0.6,20.0,0.0,25.0,-2.0,72.7,0.0,93.6,1.6,52.6,-9.6,62.5,-1.2,68.2,0.5,63.6,4.6,45,0.0,30,0.0,10.7,25.0,45.0,9.0,14.6,Bangladesh,158.2,$533.7 ,6.1,6.2,"$3,373",4.3,7.0,"1,526.7",33.9
13,Barbados,Barbados,South and Central America / Caribbean,45,7,68.3,0.4,80.0,0.0,74.0,-1.0,75.8,2.0,37.6,-4.5,70.2,-1.4,67.3,-1.9,80.8,2.6,62.2,-1.6,75,10.0,60,0.0,13.9,35.0,25.0,23.9,45.6,Barbados,0.3,$4.5 ,-0.3,0.1,"$16,183",12.0,1.9,275.1,100.4
14,Belarus,Belarus,Europe,157,43,48.8,-1.0,20.0,0.0,31.0,2.0,88.6,2.2,44.8,-9.9,69,-3.0,74.9,-5.2,50.4,5.9,79,-2.0,20,0.0,10,0.0,3.0,13.0,18.0,25.4,42.9,Belarus,9.5,$172.0 ,1.6,3.5,"$18,161",5.9,18.1,"1,798.2",37.9
15,Belgium,Belgium,Europe,44,21,68.4,-0.4,80.0,0.0,76.0,1.0,44.2,0.6,11.0,0.8,85.4,-5.3,60.5,-3.2,84.0,2.3,88,0.0,85,0.0,70,0.0,1.0,50.0,33.0,44.6,54.5,Belgium,11.2,$481.5 ,1.0,1.1,"$42,973",8.5,0.5,"-4,956.7",105.6
16,Belize,Belize,South and Central America / Caribbean,118,20,57.4,0.6,35.0,5.0,6.7,0.0,82.1,-0.3,71.9,-6.4,63.3,4.2,60.3,-1.5,79.2,-0.1,70,-0.4,55,5.0,50,0.0,10.0,25.0,25.0,23.2,30.6,Belize,0.4,$2.9 ,3.4,2.7,"$8,248",11.5,0.9,141.1,76.3
17,Benin,Benin,Sub-Saharan Africa,101,12,59.3,0.5,30.0,0.0,39.0,3.0,68.1,-0.2,84.9,-1.8,51.3,-3.9,53.8,0.6,82.2,2.3,58.8,0.4,75,5.0,50,0.0,15.6,45.0,30.0,16.3,22.4,Benin,10.6,$19.8 ,5.5,4.5,"$1,870",1,-1.0,377.4,30.9
18,Bhutan,Bhutan,Asia-Pacific,97,20,59.5,2.1,60.0,0.0,65.0,2.0,83.1,0.5,67.5,7.4,65.2,3.3,77.6,-3.5,66.9,0.9,60,10.6,20,0.0,30,0.0,10.0,25.0,30.0,13.0,32.9,Bhutan,0.8,$5.9 ,6.4,7.4,"$7,641",2.8,7.7,5.8,107.5
19,Bolivia,Bolivia,South and Central America / Caribbean,160,26,47.4,0.6,10.0,0.0,35.0,1.0,86.4,-0.4,55.5,-5.4,58.8,5.1,31.7,6.2,65.0,-4.7,76.6,-1.0,15,5.0,40,0.0,4.2,13.0,25.0,23.8,38.5,Bolivia,11.2,$70.0 ,5.4,5.3,"$6,221",2.7,5.8,647.8,32.4
20,Bosnia and Herzegovina,BosniaHerzegovina,Europe,108,39,58.6,-0.4,20.0,0.0,39.0,-3.0,83.9,1.0,33.1,5.8,54.6,1.1,59.4,-4.0,84.3,0.3,87,-0.2,65,-5.0,60,0.0,1.5,10.0,10.0,37.6,47.2,Bosnia and Herzegovina,3.9,$38.1 ,0.8,0.8,"$9,833",27.9,-0.9,564.0,44.9
21,Botswana,Botswana,Sub-Saharan Africa,30,2,71.1,1.3,70.0,0.0,63.0,-1.0,79.1,-0.4,68.4,6.5,66.4,-0.4,68.5,-1.5,76.3,2.4,84,11.8,65,-5.0,70,0.0,0.5,25.0,22.0,31.3,32.4,Botswana,2.1,$33.7 ,4.9,6.0,"$16,036",18.2,3.9,393.2,14.5
22,Brazil,Brazil,South and Central America / Caribbean,122,21,56.5,-0.1,45.0,-5.0,43.0,1.0,69.7,1.3,55.2,4.3,61.4,7.8,52.5,0.4,64.2,-5.2,69.4,-0.2,55,5.0,50,-10.0,7.8,27.5,34.0,33.4,38.6,Brazil,202.8,"$3,263.8 ",0.1,3.2,"$16,096",6.8,6.3,"62,494.8",65.2
23,Bulgaria,Bulgaria,Europe,60,28,65.9,-0.9,30.0,0.0,43.0,2.0,91.1,0.1,60.4,-4.1,66.9,-1.6,71.6,-5.0,82.6,-0.6,88,0.0,65,0.0,60,0.0,1.0,10.0,10.0,26.3,36.3,Bulgaria,7.2,$128.6 ,1.7,1.2,"$17,860",11.6,-1.6,"1,710.3",26.9
24,Burkina Faso,BurkinaFaso,Sub-Saharan Africa,104,14,59.1,0.5,30.0,5.0,38.0,0.0,82.8,0.4,76.8,-3.0,46.3,-3.3,58.9,1.1,84.9,4.9,68.2,0.0,65,0.0,40,0.0,8.4,27.5,27.5,14.5,27.8,Burkina Faso,17.4,$29.3 ,4.0,6.4,"$1,682",3.1,-0.3,341.9,28.3
25,Burma,Burma,Asia-Pacific,158,36,48.7,1.8,10.0,0.0,21.0,0.0,86.6,-0.3,75.3,-2.6,32.6,3.9,76.8,-2.5,70.0,3.9,74.2,0.0,20,5.0,20,10.0,2.9,20.0,30.0,6.1,28.7,Burma,51.4,$242.0 ,7.7,6.9,"$4,706",3.3,5.9,946.2,16.8
26,Burundi,Burundi,Sub-Saharan Africa,133,28,53.9,0.2,20.0,0.0,20.0,-1.0,73.8,0.3,70.5,9.2,54.2,-7.2,67.6,-0.5,73.8,4.0,74.2,2.0,55,-5.0,30,0.0,5.4,35.0,35.0,13.1,31.4,Burundi,9.2,$8.4 ,4.7,4.5,$911,6.9,4.4,32.0,30.5
27,Cambodia,Cambodia,Asia-Pacific,112,24,57.9,0.4,25.0,0.0,21.0,1.0,90.5,0.0,87.4,-0.1,32.3,3.1,62.5,0.3,78.1,-0.6,72.2,0.0,60,0.0,50,0.0,8.9,20.0,20.0,12.4,20.5,Cambodia,15.3,$50.0 ,7.0,6.9,"$3,263",0.4,3.9,"1,730.4",29.5
28,Cameroon,Cameroon,Sub-Saharan Africa,130,27,54.2,2.3,25.0,0.0,27.0,2.0,75.6,3.9,85.6,-2.2,46.9,5.3,48.9,1.1,81.2,5.6,61.6,2.0,40,5.0,50,0.0,11.7,35.0,33.0,11.3,21.9,Cameroon,22.5,$67.2 ,5.1,4.5,"$2,981",4.3,1.9,501.2,23.9
29,Canada,Canada,North America,6,1,78.0,-1.1,90.0,0.0,81.0,0.0,80.0,0.1,50.4,2.1,81.8,-7.2,72.6,-3.5,76.9,-1.0,87,-1.4,80,0.0,80,0.0,1.5,29.0,15.0,30.6,40.7,Canada,35.5,"$1,591.6 ",2.5,2.6,"$44,843",6.9,1.9,"53,864.0",86.5
30,Cabo Verde,CaboVerde,Sub-Saharan Africa,57,3,66.5,0.1,75.0,0.0,57.0,-1.0,78.1,-0.2,66.9,-1.0,61.3,-0.5,43.6,1.5,84.5,3.5,68.2,-1.4,70,0.0,60,0.0,10.9,35.0,25.0,18.5,33.2,Cape Verde,0.5,$3.3 ,1.0,1.6,"$6,324",9.2,-0.2,78.1,112.2
31,Central African Republic,CentralAfricanRepublic,Sub-Saharan Africa,168,42,45.2,-0.7,10.0,-5.0,24.0,-1.0,65.7,0.7,93.6,1.6,28,0.8,40.9,3.4,62.9,-6.7,52.2,-0.2,45,0.0,30,0.0,16.4,50.0,30.0,5.2,14.7,Central African Republic,4.7,$2.9 ,1.0,-4.9,$607,7.4,15.0,3.5,41.8
32,Chad,Chad,Sub-Saharan Africa,164,41,46.3,0.4,20.0,0.0,22.0,3.0,46.0,-0.2,84.3,0.7,30.9,3.8,48.9,1.2,71.4,-4.2,49.8,-5.4,50,5.0,40,0.0,15.1,60.0,45.0,6.6,22.9,Chad,11.3,$29.5 ,6.9,7.0,"$2,617",7,1.7,760.5,25.0
33,Chile,Chile,South and Central America / Caribbean,7,1,77.7,-0.8,85.0,-5.0,73.0,2.0,74.8,-1.7,83.1,-0.2,72.1,2.8,64.3,-2.7,82.9,-2.7,86.4,4.4,85,-5.0,70,0.0,1.8,40.0,22.5,20.2,23.7,Chile,17.8,$409.3 ,1.8,4.6,"$22,971",6.4,4.4,"22,949.2",13.9
34,China,China,Asia-Pacific,144,31,52.0,-0.7,20.0,0.0,36.0,-4.0,69.7,0.0,74.3,-7.2,54.2,2.1,62.0,-1.0,70.6,-3.6,72.8,1.0,30,5.0,30,0.0,3.6,45.0,25.0,19.4,29.3,China,1367.8,"$17,617.3 ",7.4,8.5,"$12,880",4.7,2.0,"128,500.0",41.1
35,Colombia,Colombia,South and Central America / Caribbean,33,3,70.8,-0.9,50.0,0.0,37.0,1.0,80.1,-0.2,74.4,-1.6,78.2,-3.3,77.6,-4.1,79.6,-0.5,81,-0.2,80,0.0,70,0.0,4.5,33.0,25.0,16.5,29.2,Colombia,47.7,$640.1 ,4.6,4.8,"$13,430",10.1,2.9,"16,053.8",38.0
36,Comoros,Comoros,Sub-Saharan Africa,141,32,52.4,0.3,30.0,0.0,26.0,-2.0,64.5,0.0,81.0,2.2,49.6,2.3,51.0,-1.0,79.4,1.5,72,-1.0,40,0.0,30,0.0,6.5,30.0,50.0,12.1,25.2,Comoros,0.8,$1.2 ,3.3,2.8,"$1,548",6.5,2.9,14.0,20.0
37,"Congo, Democratic Republic of the Congo",DemcoraticRepublicCongo,Sub-Saharan Africa,163,40,46.4,1.4,10.0,0.0,22.0,0.0,73.3,0.4,95.2,9.5,42.8,0.0,41.0,2.6,78.5,3.4,61,-2.0,20,0.0,20,0.0,12.0,30.0,40.0,13.0,12.7,Democratic Republic of Congo,79.3,$55.8 ,9.1,7.7,$704,8,1.0,"2,063.2",19.7
38,"Congo, Republic of",RepublicCongo,Sub-Saharan Africa,172,44,42.8,0.1,10.0,0.0,23.0,1.0,66.9,-0.5,55.8,-4.9,35.9,-0.9,38.8,2.8,75.6,4.0,52,-10.4,40,10.0,30,0.0,16.5,45.0,34.0,11.2,38.4,Republic of Congo,4.3,$28.0 ,6.0,5.1,"$6,559",6.5,0.9,"5,502.3",42.3
39,Costa Rica,CostaRica,South and Central America / Caribbean,50,10,67.4,0.2,50.0,0.0,54.0,1.0,79.4,-0.6,88.7,-1.2,68.6,4.1,53.8,-0.8,77.6,1.8,81.6,-2.2,70,0.0,50,0.0,4.2,25.0,30.0,23.2,19.4,Costa Rica,4.8,$71.0 ,3.5,4.3,"$14,864",8.3,3.2,"2,105.9",39.8
40,Côte d'Ivoire,CoeDivoire,Sub-Saharan Africa,92,10,60.0,1.5,30.0,-5.0,32.0,5.0,78.3,0.6,85.4,3.0,62.2,-3.2,46.9,0.9,73.5,-1.5,71.8,0.4,70,15.0,50,0.0,6.6,36.0,25.0,15.7,22.1,Côte d'Ivoire,22.7,$71.1 ,7.5,4.9,"$3,131",4,0.4,462.0,36.4
41,Croatia,Croatia,Europe,103,38,59.1,-2.4,35.0,-5.0,48.0,0.0,70.8,-4.1,33.7,-12.8,60.3,4.5,42.4,-0.4,78.7,-1.3,87.4,0.2,75,-5.0,60,0.0,1.3,40.0,20.0,30.4,47.0,Croatia,4.2,$88.5 ,-0.4,-1.1,"$20,889",16.7,-0.2,"3,451.2",80.9
42,Cuba,Cuba,South and Central America / Caribbean,177,29,29.8,0.2,10.0,0.0,46.0,0.0,52.1,-9.7,0.0,0.0,20,0.0,20.0,0.0,65.2,0.4,64.6,0.8,10,10.0,10,0.0,7.7,50.0,30.0,37.3,64.6,Cuba,11.2,$134.30 ,1.3,N/A ,"$11,950 ",N/A,5.3,N/A,32.1
43,Cyprus,Cyprus,Europe,42,19,68.7,0.8,70.0,0.0,63.0,0.0,76.1,-3.4,47.3,10.6,74.5,-5.0,58.2,-1.4,85.3,2.6,88,0.0,75,5.0,50,0.0,1.0,35.0,12.5,31.8,41.9,Cyprus,0.9,$27.4 ,-2.3,-1.7,"$30,769",15.6,-0.3,679.0,107.1
44,Czech Republic,CzechRepublic,Europe,21,11,73.2,0.7,75.0,0.0,51.0,3.0,82.5,1.0,47.3,6.7,66.6,-1.6,77.7,-5.2,84.1,2.9,88,0.0,80,0.0,80,0.0,1.0,15.0,19.0,34.1,41.9,Czech Republic,10.5,$314.6 ,2.0,1.0,"$29,925",6.2,0.4,"5,908.5",41.6
45,Denmark,Denmark,Europe,12,5,75.3,-1.0,95.0,0.0,92.0,1.0,39.5,-0.1,2.3,0.5,95.4,-2.0,86.0,-6.1,84.4,-3.2,88,0.0,90,0.0,80,0.0,1.0,56.0,23.5,48.6,57.1,Denmark,5.6,$249.5 ,1.0,0.5,"$44,343",6.6,0.6,"3,651.9",42.6
46,Djibouti,Djibouti,Sub-Saharan Africa,124,24,56.0,-1.5,25.0,0.0,34.0,-2.0,80.6,-0.6,57.4,0.3,50.8,-4.6,62.9,-3.7,74.3,-4.6,54.6,-0.2,70,0.0,50,0.0,17.7,30.0,25.0,20.3,37.7,Djibouti,0.9,$2.9 ,6.0,4.8,"$3,051",60.0,2.9,153.0,44.6
47,Dominica,Dominica,South and Central America / Caribbean,53,11,67.0,0.9,60.0,0.0,58.0,0.0,74.0,0.4,68.5,7.0,73.3,1.7,68.7,0.0,90.1,0.6,72.6,-0.2,75,0.0,30,0.0,8.7,35.0,30.0,21.7,32.4,Dominica,0.1,$0.8 ,1.1,-0.0,"$10,800",N/A,0.7,41.1,76.6
48,Dominican Republic,DominicanRepublic,South and Central America / Caribbean,88,17,61.0,0.0,25.0,-5.0,32.0,3.0,84.5,0.4,90.2,3.1,56.6,3.1,56.5,-1.0,73.1,-2.9,77.2,-0.6,75,0.0,40,0.0,6.4,25.0,27.0,13.9,18.1,Dominican Republic,10.6,$138.0 ,7.3,5.2,"$13,012",15.0,3.0,"2,208.3",35.1
49,Ecuador,Ecuador,South and Central America / Caribbean,159,25,48.6,-0.6,15.0,0.0,33.0,-2.0,79.2,0.1,41.8,-9.2,55.5,4.1,51.6,0.3,68.1,-0.1,71.4,0.0,30,0.0,40,0.0,4.3,35.0,22.0,19.3,44.0,Ecuador,16.0,$180.2 ,3.6,5.0,"$11,244",4.6,3.6,773.9,29.8
50,Egypt,Egypt,Middle East / North Africa,125,12,56.0,0.8,20.0,0.0,37.0,5.0,85.6,-0.2,65.9,-2.1,68.3,2.9,51.4,-2.2,65.8,-1.6,70.6,0.6,55,5.0,40,0.0,9.7,25.0,25.0,13.9,33.7,Egypt,86.7,$943.1 ,2.2,2.7,"$10,877",13.2,10.1,"4,783.2",90.5
51,El Salvador,ElSalvador,South and Central America / Caribbean,63,12,65.1,-0.6,35.0,0.0,39.0,1.0,79.1,-0.3,85.3,-0.2,56,2.7,52.6,-0.7,83.4,0.9,85.8,0.6,75,0.0,60,-10.0,2.1,30.0,30.0,17.1,22.1,El Salvador,6.4,$50.9 ,2.0,1.8,"$8,021",6.2,1.1,275.0,56.5
52,Equatorial Guinea,EquatorialGuinea,Sub-Saharan Africa,170,43,43.7,3.3,10.0,0.0,19.0,0.0,75.4,0.0,45.6,14.2,45.6,8.1,38.4,4.9,78.9,0.6,53.8,0.0,40,5.0,30,0.0,15.6,35.0,35.0,2.3,42.6,Equatorial Guinea,0.8,$25.1 ,-3.1,-0.2,"$32,266",7.9,3.0,"1,933.0",7.6
53,Eritrea,Eritrea,Sub-Saharan Africa,173,45,42.7,3.8,10.0,0.0,18.0,-2.0,80.9,23.9,73.4,1.6,32.1,13.9,65.6,0.1,57.8,0.0,69.2,0.0,0,0.0,20,0.0,5.4,30.0,30.0,10.7,29.8,Eritrea,6.5,$7.8 ,1.7,4.2,"$1,195",7.2,12.3,46.5,125.3
54,Estonia,Estonia,Europe,9,3,77.2,0.4,90.0,0.0,69.0,1.0,81.9,1.3,54.9,1.7,79,-2.5,57.2,-1.5,82.2,4.6,88,0.0,90,0.0,80,0.0,1.0,20.0,20.0,31.8,38.8,Estonia,1.3,$35.6 ,2.1,3.8,"$26,999",7.7,0.5,982.9,9.7
55,Ethiopia,Ethiopia,Sub-Saharan Africa,148,37,51.5,0.0,30.0,0.0,33.0,0.0,77.2,-0.2,90.5,-0.9,55.8,-0.1,57.7,1.3,66.0,-0.1,65,0.6,20,0.0,20,0.0,10.0,35.0,30.0,12.4,17.8,Ethiopia,91.0,$144.6 ,10.3,10.2,"$1,589",5.2,7.4,"1,200.0",21.9
56,Fiji,Fiji,Asia-Pacific,107,23,58.8,-0.2,30.0,5.0,22.3,0.0,81.2,-0.1,75.3,0.7,62,-1.2,70.6,-4.6,77.6,-0.7,68.8,-1.4,50,0.0,50,0.0,10.6,29.0,20.0,25.3,28.7,Fiji,0.9,$7.3 ,4.1,3.2,"$8,236",7.9,0.5,278.9,49.5
57,Finland,Finland,Europe,24,13,72.6,-0.8,90.0,0.0,89.0,0.0,66.5,0.1,0.8,-2.8,90.7,-1.9,53.7,-1.1,81.9,2.0,88,0.0,85,-5.0,80,0.0,1.0,31.8,20.0,44.0,57.5,Finland,5.5,$221.0 ,-0.1,0.5,"$40,347",8.6,1.2,"18,624.7",59.6
58,France,France,Europe,75,32,62.3,-0.2,80.0,0.0,69.0,-2.0,47.7,0.2,2.5,0.0,78.4,-1.8,43.5,0.0,79.1,1.6,83,0.0,70,0.0,70,0.0,1.0,45.0,34.3,45.0,57.0,France,63.9,"$2,580.8 ",0.4,1.0,"$40,375",9.9,0.6,"15,191.1",95.1
59,Gabon,Gabon,Sub-Saharan Africa,105,15,59.0,0.7,40.0,0.0,37.0,3.0,77.6,0.1,74.5,-0.1,58.4,0.5,61.9,-2.4,78.4,0.0,61.8,0.8,60,5.0,40,0.0,14.1,35.0,30.0,10.6,29.2,Gabon,1.6,$36.3 ,5.1,5.9,"$22,924",19.7,4.5,972.9,27.8
60,Gambia,Gambia,Sub-Saharan Africa,119,21,57.1,-0.4,25.0,0.0,29.0,1.0,75.5,0.1,78.0,4.6,53.4,-2.3,65.8,-0.9,64.7,-6.1,65,0.0,65,0.0,50,0.0,12.5,35.0,32.0,14.3,27.1,The Gambia,1.9,$3.1 ,-0.2,2.5,"$1,599",7,6.3,28.4,100.2
61,Georgia,Georgia,Europe,23,12,72.6,-0.4,40.0,0.0,52.0,3.0,87.6,0.4,75.3,1.5,86.5,-2.1,75.7,-4.2,80.5,-2.2,88.6,0.0,80,0.0,60,0.0,0.7,20.0,15.0,24.8,28.7,Georgia,4.5,$34.2 ,4.7,5.6,"$7,653",13.4,3.1,"1,279.1",35.1
62,Germany,Germany,Europe,17,8,74.4,0.6,90.0,0.0,79.0,1.0,61.5,0.7,41.3,1.2,90,1.8,50.6,-0.6,83.3,1.8,88,0.0,90,0.0,70,0.0,1.0,47.5,15.8,36.7,44.3,Germany,81.1,"$3,721.6 ",1.6,2.0,"$45,888",5.0,0.8,"1,830.9",73.1
63,Ghana,Ghana,Sub-Saharan Africa,72,5,63.0,0.0,50.0,0.0,48.0,2.0,84.9,0.3,77.6,6.8,61.5,-1.0,56.5,-0.4,66.5,-2.7,65,0.2,60,-5.0,60,0.0,10.0,25.0,25.0,16.1,27.3,Ghana,26.2,$108.3 ,4.2,8.3,"$4,129",2.4,15.5,"3,357.0",67.6
64,Greece,Greece,Europe,138,41,53.2,-0.8,40.0,0.0,43.0,3.0,64.4,0.2,0.0,0.0,73.8,0.5,50.2,-1.4,77.7,-0.1,83,0.0,60,0.0,40,-10.0,1.0,42.0,26.0,33.5,60.1,Greece,11.0,$284.3 ,0.8,-4.8,"$25,859",26.3,-1.4,"2,171.6",177.2
65,Guatemala,Guatemala,South and Central America / Caribbean,82,15,61.8,1.4,20.0,0.0,32.0,3.0,79.1,-0.5,94.3,0.2,62.5,7.8,50.9,0.3,77.9,1.1,86.4,1.8,65,0.0,50,0.0,1.8,31.0,31.0,13.0,13.8,Guatemala,15.9,$119.1 ,4.0,3.5,"$7,503",2.9,3.4,"1,395.8",23.7
66,Guinea,Guinea,Sub-Saharan Africa,136,30,53.3,1.2,20.0,5.0,25.0,1.0,68.5,0.4,81.2,1.7,51.4,-0.2,71.8,-2.6,69.2,2.5,61.2,0.0,45,5.0,40,0.0,11.9,40.0,35.0,17.9,25.1,Guinea,11.4,$15.0 ,0.4,2.5,"$1,313",1.8,9.7,566.0,37.4
67,Guinea-Bissau,GuineaBissau,Sub-Saharan Africa,145,35,51.8,-0.2,20.0,0.0,19.0,0.0,89.3,0.2,94.1,6.1,36.7,-2.9,61.1,-0.6,78.5,1.0,59.4,-6.0,30,0.0,30,0.0,12.8,20.0,25.0,6.5,14.0,Guinea-Bissau,1.7,$2.5 ,2.5,2.8,"$1,436",6.9,-1.0,21.5,61.0
68,Guyana,Guyana,South and Central America / Caribbean,127,22,55.4,-0.1,30.0,5.0,30.0,3.0,68.7,0.0,73.1,2.3,63,-0.8,70.7,-3.8,77.4,-1.0,70.8,-1.2,40,-5.0,30,0.0,7.1,33.3,40.0,20.6,29.9,Guyana,0.8,$5.5 ,3.8,4.7,"$6,895",11.1,1.0,255.2,65.8
69,Haiti,Haiti,South and Central America / Caribbean,150,24,51.3,0.0,10.0,0.0,19.0,0.0,80.5,0.2,76.4,0.2,47.1,4.0,62.0,-1.7,76.0,2.5,72,-5.6,40,0.0,30,0.0,6.5,30.0,30.0,12.2,28.0,Haiti,10.5,$18.3 ,2.8,2.0,"$1,750",6.8,3.9,99.0,26.0
70,Honduras,Honduras,South and Central America / Caribbean,113,19,57.7,0.3,30.0,0.0,29.0,3.0,84.2,-0.7,72.0,-6.7,58,4.8,31.0,3.0,74.8,-0.6,78.4,0.8,60,0.0,60,0.0,5.8,25.0,25.0,18.1,30.6,Honduras,8.3,$39.1 ,3.1,3.5,"$4,729",3.9,6.1,"1,144.1",46.1
71,Hong Kong SAR,HongKong,Asia-Pacific,1,1,88.6,-1.0,90.0,0.0,74.0,-1.0,92.6,-0.6,90.7,1.0,97.4,-2.6,89.0,-6.9,81.8,0.0,90,0.0,90,0.0,90,0.0,0.0,15.0,16.5,15.7,17.6,Hong Kong,7.3,$397.5 ,2.3,3.7,"$54,722",3.2,4.4,"103,254.2",6.9
72,Hungary,Hungary,Europe,58,26,66.0,-0.8,45.0,-10.0,54.0,0.0,78.7,0.0,26.7,0.8,70.6,-3.9,63.8,-3.9,88.3,9.1,88,0.0,75,0.0,70,0.0,1.0,16.0,19.0,38.9,49.4,Hungary,9.9,$246.4 ,3.6,1.3,"$24,942",7.8,-0.3,"4,039.4",76.9
73,Iceland,Iceland,Europe,20,10,73.3,1.3,90.0,0.0,79.0,1.0,73.3,1.3,42.1,9.5,90.1,-0.4,61.6,-0.6,79.5,2.5,87.8,-0.2,70,0.0,60,0.0,1.1,31.8,20.0,35.5,43.9,Iceland,0.3,$14.2 ,1.8,1.1,"$43,637",5.0,2.0,436.1,82.1
74,India,India,Asia-Pacific,123,25,56.2,1.6,55.0,0.0,38.0,2.0,77.1,-2.3,78.1,-0.2,47.6,4.3,47.8,-0.9,72.8,7.5,71,6.4,35,0.0,40,0.0,7.0,30.9,32.4,16.7,27.0,India,1259.7,"$7,375.9 ",7.2,7.2,"$5,855",3.6,6.0,"34,416.8",65.0
75,Indonesia,Indonesia,Asia-Pacific,99,21,59.4,1.3,30.0,0.0,34.0,2.0,83.4,0.1,89.0,0.7,54,4.7,49.3,0.6,74.3,-0.6,80.4,5.6,40,0.0,60,0.0,2.3,30.0,25.0,11.8,19.1,Indonesia,251.5,"$2,676.1 ",5.0,5.8,"$10,641",6.2,6.4,"22,579.6",25.0
76,Iran,Iran,Middle East / North Africa,171,14,43.5,1.7,10.0,0.0,27.0,2.0,81.2,0.0,93.2,0.2,59.3,2.3,49.0,-2.3,50.6,1.9,54.6,13.2,0,0.0,10,0.0,15.2,35.0,25.0,5.8,15.0,Iran,78.0,"$1,334.3 ",3.0,1.0,"$17,114",12.8,15.5,"2,105.5",12.2
77,Iraq,Iraq,Middle East / North Africa,N/A,N/A,N/A,N/A,N/A,N/A,16.0,0.0,N/A,N/A,29.7,-14.1,63.2,5.5,68.5,-5.9,75.0,1.4,N/A,N/A,N/A,N/A,N/A,N/A,N/A,15.0,15.0,N/A,48.4,Iraq,35.9,$522.7 ,-2.4,6.4,"$14,571",16.4,2.2,"4,781.8",37.0
78,Ireland,Ireland,Europe,8,2,77.3,0.7,90.0,5.0,74.0,2.0,73.6,0.0,50.3,4.7,79.6,-2.5,72.1,-4.1,85.5,1.6,88,0.0,90,0.0,70,0.0,1.0,41.0,12.5,28.3,40.7,Ireland,4.6,$226.8 ,4.8,1.4,"$49,195",11.6,0.3,"7,697.7",109.5
79,Israel,Israel,Middle East / North Africa,35,4,70.7,0.2,75.0,0.0,60.0,-1.0,60.6,-1.3,48.8,1.0,70.6,-1.8,64.6,-2.5,84.2,2.6,88.2,-0.4,85,5.0,70,0.0,0.9,48.0,26.5,30.5,41.3,Israel,8.2,$268.5 ,2.8,3.8,"$32,691",6.1,0.5,"6,431.6",68.8
80,Italy,Italy,Europe,86,36,61.2,-0.5,50.0,-5.0,43.0,0.0,55.8,1.6,22.1,-1.1,70.3,-1.6,53.0,-2.4,84.5,3.3,88,0.0,85,0.0,60,0.0,1.0,43.0,27.5,42.6,51.0,Italy,60.0,"$2,127.7 ",-0.4,-0.5,"$35,486",12.5,0.2,"11,450.8",132.1
81,Jamaica,Jamaica,South and Central America / Caribbean,48,8,67.5,-0.2,40.0,0.0,38.0,0.0,81.7,0.2,78.0,4.8,81.3,-4.6,72.7,-3.8,77.5,6.1,75.4,0.4,80,-5.0,50,0.0,7.3,25.0,25.0,24.0,27.1,Jamaica,2.8,$24.1 ,0.5,0.0,"$8,609",13.2,7.1,550.8,140.6
82,Japan,Japan,Asia-Pacific,22,6,73.1,-0.2,80.0,0.0,76.0,2.0,68.5,-0.2,46.2,-0.9,82.5,-1.6,83.9,-6.3,81.2,-5.5,82.6,0.0,70,0.0,60,10.0,1.2,40.8,23.9,30.3,42.3,Japan,127.1,"$4,750.8 ",-0.1,1.5,"$37,390",3.7,2.7,"2,089.8",246.4
83,Jordan,Jordan,Middle East / North Africa,46,5,68.3,-1.0,60.0,0.0,49.0,4.0,91.7,-2.0,62.0,-8.7,64.9,5.8,68.4,-6.0,83.1,2.5,73.4,-6.2,70,0.0,60,0.0,8.3,14.0,20.0,15.3,35.6,Jordan,6.7,$79.6 ,3.1,2.7,"$11,927",11.1,2.9,"1,760.4",89.3
84,Kazakhstan,Kazakhstan,Asia-Pacific,68,12,63.6,0.3,30.0,5.0,29.0,3.0,93.0,-0.2,87.7,2.7,72.3,-1.4,82.7,-4.3,74.0,-0.6,77.4,-1.6,40,0.0,50,0.0,3.8,10.0,20.0,14.0,20.2,Kazakhstan,17.4,$418.5 ,4.3,6.0,"$24,020",4.1,6.7,"9,562.0",15.1
85,Kenya,Kenya,Sub-Saharan Africa,115,19,57.5,1.9,30.0,0.0,25.0,-2.0,79.4,1.4,80.8,8.7,48.6,0.7,62.2,-1.6,73.5,0.7,65.6,1.6,60,10.0,50,0.0,9.7,30.0,30.0,16.2,25.3,Kenya,42.9,$132.4 ,5.3,6.0,"$3,084",9.2,6.9,989.0,48.6
86,Kiribati,Kiribati,Asia-Pacific,165,38,46.2,-0.2,30.0,0.0,29.2,0.0,73.3,0.3,0.0,0.0,51.6,-5.2,83.9,0.0,81.0,0.4,58.2,2.8,25,0.0,30,0.0,15.9,35.0,35.0,14.9,96.6,Kiribati,0.1,$0.2 ,3.8,1.7,"$1,713",N/A,2.1,1.2,7.993
87,"Korea, North ",NorthKorea,Asia-Pacific,178,42,2.3,1.0,5.0,0.0,8.0,0.0,0.0,0.0,0.0,0.0,5,5.0,5.0,5.0,0.0,0.0,0,0.0,0,0.0,0,0.0,N/A,100.0,100.0,100.0,100.0,"Korea, North",24.7,$15.50 ,0.9,N/A,N/A,N/A,N/A,134.3,N/A
88,"Korea, South",SouthKorea,Asia-Pacific,27,7,71.7,0.2,70.0,-5.0,55.0,0.0,73.8,1.3,69.7,1.8,91.1,1.4,50.6,-0.5,82.6,1.0,74.6,2.0,70,0.0,80,0.0,7.7,38.0,24.2,24.3,31.8,"Korea, South",50.4,"$1,778.8 ",3.3,3.8,"$35,277",3.5,1.3,"9,898.5",35.7
89,Kuwait,Kuwait,Middle East / North Africa,74,7,62.7,0.2,45.0,0.0,44.0,1.0,97.7,0.0,57.7,-3.4,63.4,4.8,62.7,-1.5,74.2,0.2,77.2,1.0,55,0.0,50,0.0,3.9,0.0,15.0,0.7,37.5,Kuwait,4.0,$284.0 ,1.3,3.3,"$71,020",3.0,2.9,485.8,7.1
90,Kyrgyz Republic,KyrgyzRepublic,Asia-Pacific,96,19,59.6,-1.7,20.0,0.0,27.0,3.0,93.7,0.1,56.3,3.1,65.3,-8.4,80.4,-4.6,68.4,-5.4,75,-5.2,60,0.0,50,0.0,2.5,10.0,10.0,20.8,38.1,Kyrgyz Republic,5.7,$19.2 ,3.6,3.7,"$3,361",8.1,7.5,210.5,53.0
91,Lao P.D.R.,Laos,Asia-Pacific,155,35,49.8,-1.6,15.0,0.0,25.0,-1.0,86.1,-0.1,73.8,-13.0,55.9,-3.6,57.6,0.5,71.3,-3.2,58.6,0.0,35,5.0,20,0.0,13.2,24.0,24.0,15.3,29.6,Laos,6.9,$34.4 ,7.4,7.9,"$4,987",1.4,4.1,720.8,62.5
92,Latvia,Latvia,Europe,36,17,70.4,0.7,50.0,0.0,55.0,2.0,84.8,0.4,58.4,-0.8,78.6,-3.5,59.5,-2.0,84.8,1.0,88,0.0,85,0.0,60,10.0,1.0,23.0,15.0,27.7,37.2,Latvia,2.0,$48.2 ,2.4,2.7,"$23,707",10.0,0.7,473.5,37.8
93,Lebanon,Lebanon,Middle East / North Africa,98,10,59.5,0.2,20.0,0.0,27.0,-1.0,91.3,0.0,75.7,5.1,59.1,4.4,57.3,-3.4,79.0,7.0,75.8,0.0,60,0.0,50,-10.0,7.1,20.0,15.0,15.5,28.5,Lebanon,4.5,$81.1 ,2.0,3.2,"$17,986",6.4,1.9,"3,070.1",134.4
94,Lesotho,Lesotho,Sub-Saharan Africa,152,38,50.6,1.0,30.0,-5.0,49.0,0.0,59.1,-9.4,0.0,0.0,53.3,-1.4,62.1,-1.8,76.9,1.7,85.8,21.2,50,5.0,40,0.0,2.1,35.0,25.0,47.3,62.6,Lesotho,1.9,$5.3 ,2.2,4.5,"$2,764",26.2,3.9,46.4,45.9
95,Liberia,Liberia,Sub-Saharan Africa,143,34,52.2,-0.5,25.0,0.0,37.0,-1.0,83.8,0.8,67.7,-2.2,55.1,-5.0,44.5,0.6,71.0,-1.7,72.8,-1.6,45,5.0,20,0.0,6.1,25.0,25.0,19.2,32.8,Liberia,4.2,$3.7 ,0.5,6.2,$882,3.8,9.9,302.0,33.2
96,Libya,Libya,Middle East / North Africa,N/A,N/A,N/A,N/A,10.0,0.0,18.0,3.0,95,0.0,0,-37.5,55.5,8.7,63.1,-3.6,74,2.6,N/A,N/A,5,0.0,N/A,N/A,N/A,10.0,20.0,0.7,69.8,Libya,6.2,$97.6 ,-24.0,2.0,"$15,706",19.2,2.8,50,39.3
97,Liechtenstein,Liechtenstein,Europe,N/A,N/A,N/A,N/A,N/A,N/A,N/A,N/A,N/A,N/A,N/A,N/A,N/A,N/A,N/A,N/A,N/A,N/A,90,0.0,85,0.0,80,0.0,0.0,7.0,12.5,N/A,N/A,Liechtenstein,"37,624",$5.80 ,1.8,N/A,"$158,976 ",2.3,-0.7,N/A,N/A
98,Lithuania,Lithuania,Europe,13,6,75.2,0.5,65.0,5.0,58.0,1.0,92.9,0.0,63.8,2.5,80,-4.9,60.0,-2.0,84.6,3.4,88,0.0,80,0.0,80,0.0,1.0,15.0,15.0,16.0,34.7,Lithuania,2.9,$79.6 ,2.9,3.6,"$27,051",11.3,0.2,217.1,37.7
99,Luxembourg,Luxembourg,Europe,19,9,73.9,0.7,90.0,0.0,82.0,2.0,61.1,-1.2,43.0,0.8,73.7,2.4,42.6,0.5,83.2,2.5,88,0.0,95,0.0,80,0.0,1.0,43.6,21.0,39.3,43.6,Luxembourg,0.6,$51.4 ,2.9,2.5,"$92,049",6.1,0.7,"7,087.0",24.6
100,Macau,Macau,Asia-Pacific,37,9,70.1,-0.2,60.0,0.0,49.7,0.0,73.1,1.3,93.9,2.1,60,0.0,50.0,0.0,69.6,-5.3,90,0.0,85,0.0,70,0.0,0.0,12.0,39.0,32.0,14.3,Macau,0.6,80.8,-0.4,13.7,139220,N/A,6,"3,046.1",0
101,Macedonia,Macedonia,Europe,47,22,67.5,0.4,35.0,0.0,45.0,1.0,92.1,0.7,69.6,4.0,76.4,-2.8,66.7,-4.0,83.5,4.5,86.4,0.2,60,0.0,60,0.0,1.8,10.0,10.0,24.2,31.8,Macedonia,2.1,$27.6 ,3.8,2.3,"$13,349",27.9,-0.1,348.0,38.0
102,Madagascar,Madagascar,Sub-Saharan Africa,87,9,61.1,-0.6,45.0,0.0,28.0,0.0,91.1,0.2,93.4,-1.3,52.9,-9.4,48.5,3.4,74.5,-4.7,77.2,5.4,50,0.0,50,0.0,6.4,20.0,20.0,9.3,14.9,Madagascar,23.6,$33.9 ,3.0,2.0,"$1,437",3.6,6.1,350.7,34.907
103,Malawi,Malawi,Sub-Saharan Africa,146,36,51.8,-3.0,40.0,0.0,33.0,-4.0,79.0,0.5,27.1,-21.9,44.5,-4.6,63.4,0.3,53.6,-0.2,72.4,0.2,55,0.0,50,0.0,3.8,30.0,30.0,17.4,49.3,Malawi,17.6,$13.7 ,5.7,4.7,$780,7.5,23.8,130.0,62.0
104,Malaysia,Malaysia,Asia-Pacific,29,8,71.5,0.7,55.0,0.0,52.0,2.0,85.0,0.6,74.3,0.3,91.4,-2.1,71.5,-4.2,84.5,3.7,81.4,1.4,60,5.0,60,0.0,4.3,25.0,25.0,15.8,29.3,Malaysia,30.3,$746.1 ,6.0,5.8,"$24,654",2.0,3.1,"10,799.2",57.0
105,Maldives,Maldives,Asia-Pacific,132,28,53.9,0.5,25.0,0.0,21.9,0.0,94.0,-1.5,60.8,10.2,81.5,-4.3,70.4,-3.0,73.0,-1.1,47.8,0.0,35,5.0,30,0.0,21.1,0.0,0.0,24.5,36.1,Maldives,0.3,$4.9 ,5.0,4.9,"$14,383",11.6,2.5,363.3,74.8
106,Mali,Mali,Sub-Saharan Africa,121,23,56.5,0.1,25.0,0.0,32.0,4.0,70.3,0.7,82.8,-6.4,46.3,-0.9,50.8,0.1,83.0,1.9,70.2,-3.0,65,5.0,40,0.0,7.4,40.0,35.0,12.2,23.9,Mali,15.8,$27.3 ,6.8,3.4,"$1,729",8.1,0.9,198.9,31.5
107,Malta,Malta,Europe,55,24,66.7,0.2,70.0,-5.0,55.0,-1.0,63.9,0.8,46.5,2.1,61.6,0.6,53.5,-2.1,83.5,1.7,88,0.0,85,5.0,60,0.0,1.0,35.0,35.0,34.0,42.2,Malta,0.4,$14.1 ,3.6,2.9,"$33,216",5.9,0.8,"9,278.9",68.1
108,Mauritania,Mauritania,Sub-Saharan Africa,128,25,54.8,1.5,25.0,0.0,30.0,0.0,81.6,1.4,75.3,15.5,48.7,-1.8,50.7,-1.4,77.7,1.1,69,0.0,50,0.0,40,0.0,8.0,30.0,25.0,17.7,28.7,Mauritania,3.6,$15.5 ,6.4,5.4,"$4,288",31.0,3.5,492.5,59.1
109,Mauritius,Mauritius,Sub-Saharan Africa,15,1,74.7,-1.7,60.0,-5.0,54.0,2.0,92.0,0.1,81.5,-5.9,77.5,-0.5,65.0,-3.2,78.7,1.1,88.6,0.2,80,-5.0,70,0.0,0.7,15.0,15.0,18.6,24.9,Mauritius,1.3,$23.4 ,3.2,3.5,"$18,553",7.7,3.0,418.4,52.8
110,Mexico,Mexico,North America,62,3,65.2,-1.2,50.0,0.0,35.0,1.0,74.9,-2.9,76.4,-1.6,70.7,-0.8,58.2,-1.7,77.4,-0.2,79.2,-6.4,70,0.0,60,0.0,5.4,35.0,30.0,19.7,28.1,Mexico,119.7,"$2,140.6 ",2.1,3.3,"$17,881",4.9,4.0,"22,794.7",50.1
111,Micronesia,Micronesia,Asia-Pacific,147,32,51.8,2.2,30.0,0.0,30.0,0.0,93.2,0.0,0.0,0.0,57.5,6.5,79.1,0.0,82.1,5.2,85.6,4.6,30,5.0,30,0.0,2.2,10.0,21.0,11.6,59.6,Micronesia,0.1,$0.3 ,0.1,0.2,"$3,015",N/A,0.7,0.8,26.539
112,Moldova,Moldova,Europe,117,40,57.4,-0.1,40.0,0.0,35.0,0.0,85.4,0.3,55.6,3.8,64.6,-2.2,39.3,-1.3,76.0,-0.1,73.6,-6.2,55,5.0,50,0.0,5.7,18.0,12.0,31.5,38.5,Moldova,3.6,$17.7 ,4.6,5.4,"$4,979",3.4,5.1,207.4,31.5
113,Mongolia,Mongolia,Asia-Pacific,100,22,59.4,0.2,30.0,0.0,39.0,1.0,84.4,0.5,51.5,15.9,67.7,-0.5,77.9,-4.8,68.0,-1.2,70,-4.8,45,-5.0,60,0.0,5.0,10.0,25.0,28.8,40.2,Mongolia,2.9,$34.8 ,7.8,14.0,"$11,882",4.8,12.9,507.6,67.3
114,Montenegro,Montenegro,Europe,65,31,64.9,0.2,40.0,0.0,42.0,-2.0,91.6,-1.0,39.8,3.1,76.6,-0.5,72.0,-5.5,82.6,2.9,84.8,0.0,70,5.0,50,0.0,2.6,9.0,9.0,26.0,44.8,Montenegro,0.6,$9.4 ,1.1,1.5,"$14,996",19.1,-0.7,497.0,58.4
115,Morocco,Morocco,Middle East / North Africa,85,9,61.3,1.2,40.0,0.0,39.0,2.0,71.5,0.6,65.6,4.6,66.4,-2.4,34.3,0.9,84.1,2.2,81.8,3.6,70,0.0,60,0.0,4.1,38.0,30.0,22.4,33.9,Morocco,33.2,$252.4 ,2.9,3.7,"$7,606",10.2,0.4,"3,582.3",63.9
116,Mozambique,Mozambique,Sub-Saharan Africa,139,31,53.2,-1.6,30.0,0.0,31.0,1.0,74.3,-0.9,63.5,-3.0,55.9,-5.0,41.9,4.0,79.5,-2.5,70.8,-4.6,35,-5.0,50,0.0,7.1,32.0,32.0,22.9,34.9,Mozambique,26.5,$31.1 ,7.4,7.3,"$1,174",22.6,2.3,"4,901.8",55.4
117,Namibia,Namibia,Sub-Saharan Africa,81,8,61.9,2.3,30.0,0.0,49.0,1.0,64.4,-2.3,63.9,7.9,68.2,3.9,84.5,-6.4,75.1,0.8,83.4,12.2,60,5.0,40,0.0,0.8,37.0,34.0,32.1,34.7,Namibia,2.2,$23.6 ,5.3,5.3,"$10,765",18.6,5.3,413.7,25.2
118,Nepal,Nepal,Asia-Pacific,151,34,50.9,-0.4,30.0,0.0,29.0,-2.0,85.1,-0.5,91.1,2.2,64.9,-0.8,47.3,3.0,70.8,0.3,55.6,-6.2,5,0.0,30,0.0,14.7,25.0,25.0,15.3,17.2,Nepal,28.1,$66.8 ,5.5,4.5,"$2,376",2.7,9.0,29.6,26.3
119,Netherlands,Netherlands,Europe,16,7,74.6,0.9,90.0,0.0,83.0,0.0,52.7,0.9,34.4,10.6,80,-4.3,64.0,-2.3,83.4,3.6,88,0.0,90,0.0,80,0.0,1.0,52.0,25.0,37.4,46.8,Netherlands,16.9,$798.6 ,0.9,0.3,"$47,355",6.9,0.3,"30,253.3",68.3
120,New Zealand,NewZealand,Asia-Pacific,3,3,81.6,-0.5,95.0,0.0,91.0,0.0,71.0,0.6,46.0,3.0,91.4,-4.1,85.9,-5.5,88.1,0.5,87.2,0.4,80,0.0,80,0.0,1.4,33.0,28.0,32.1,42.4,New Zealand,4.5,$158.9 ,3.2,2.2,"$35,152",5.6,1.2,"3,391.3",34.0
121,Nicaragua,Nicaragua,South and Central America / Caribbean,109,18,58.6,1.0,10.0,0.0,28.0,0.0,78.0,-0.4,82.8,6.2,61.2,3.2,55.7,-1.0,69.0,1.2,86.2,0.8,65,0.0,50,0.0,1.9,30.0,30.0,20.0,24.0,Nicaragua,6.2,$29.5 ,4.5,4.7,"$4,736",5.3,6.0,840.0,32.2
122,Niger,Niger,Sub-Saharan Africa,129,26,54.3,-0.3,30.0,0.0,35.0,1.0,76.3,-0.3,76.8,-6.8,39.6,0.4,42.3,1.4,83.0,1.7,64.6,-1.0,55,0.0,40,0.0,10.2,35.0,30.0,15.8,27.8,Niger,17.1,$17.9 ,6.9,6.8,"$1,048",5.1,-0.9,769.0,36.4
123,Nigeria,Nigeria,Sub-Saharan Africa,116,20,57.5,1.9,30.0,0.0,27.0,2.0,85.1,-0.1,94.6,18.5,48.7,0.4,72.9,-4.8,71.5,1.1,64.8,1.0,40,0.0,40,0.0,10.1,24.0,30.0,3.1,13.4,Nigeria,173.9,"$1,049.1 ",6.3,6.2,"$6,031",7.5,8.1,"4,693.8",10.5
124,Norway,Norway,Europe,32,16,70.8,-1.0,90.0,0.0,86.0,0.0,53.2,1.1,41.8,-2.0,89.6,-2.5,48.5,0.3,76.2,-5.5,87.8,-1.6,75,0.0,60,0.0,1.1,47.8,27.0,40.8,44.0,Norway,5.2,$345.2 ,2.2,1.5,"$66,937",3.4,2.0,"8,682.5",30.1
125,Oman,Oman,Middle East / North Africa,52,6,67.1,0.4,55.0,0.0,45.0,-2.0,98.5,0.0,36.8,-7.4,70.1,1.7,72.5,-3.6,77.9,1.7,85,8.2,70,5.0,60,0.0,2.5,0.0,12.0,2.6,45.9,Oman,4.1,$162.4 ,2.9,4.5,"$39,681",7.2,1.0,"1,179.9",5.1
126,Pakistan,Pakistan,Asia-Pacific,126,26,55.9,0.3,30.0,0.0,29.0,1.0,79.0,1.3,86.2,0.1,61.2,-4.4,42.1,0.0,71.5,0.3,65,-0.6,55,5.0,40,0.0,10.0,30.0,33.0,10.5,21.4,Pakistan,186.3,$882.3 ,4.1,3.6,"$4,736",5.2,8.6,"1,747.0",64.2
127,Panama,Panama,South and Central America / Caribbean,66,13,64.8,0.7,30.0,0.0,37.0,2.0,84.4,-0.1,77.9,-0.9,74.4,2.9,42.9,1.4,78.6,2.2,77.8,-0.6,75,0.0,70,0.0,6.1,25.0,25.0,17.7,27.2,Panama,3.9,$76.4 ,6.2,8.7,"$19,455",4.3,2.6,"4,718.9",45.6
128,Papua New Guinea,PapuaNewGuinea,Asia-Pacific,140,30,53.2,0.1,20.0,0.0,25.0,0.0,67.3,0.4,76.2,7.5,59.9,6.4,71.9,-2.6,70.6,-2.1,85.6,0.6,25,-10.0,30,0.0,2.2,42.0,30.0,24.7,28.2,Papua New Guinea,7.5,$18.1 ,5.8,7.6,"$2,399",2.5,5.3,-30.4,35.6
129,Paraguay,Paraguay,South and Central America / Caribbean,83,16,61.5,0.4,30.0,0.0,24.0,0.0,96.3,0.3,83.3,1.4,62.6,4.2,30.4,4.1,76.8,-1.5,76.2,-5.2,75,0.0,60,0.0,4.4,10.0,10.0,13.1,23.6,Paraguay,6.9,$58.3 ,4.4,7.0,"$8,449",4.5,5.0,236.3,21.4
130,Peru,Peru,South and Central America / Caribbean,49,9,67.4,-0.3,40.0,0.0,38.0,0.0,78.5,-0.1,86.1,-2.4,67.8,0.1,62.9,-0.5,83.7,-0.2,87,0.0,70,0.0,60,0.0,1.5,30.0,30.0,18.6,21.5,Peru,31.4,$371.3 ,2.4,5.8,"$11,817",4.2,3.2,"7,606.6",20.7
131,Philippines,Philippines,Asia-Pacific,70,14,63.1,0.9,30.0,0.0,38.0,2.0,79.0,-0.1,89.6,0.3,63,7.7,57.1,-1.1,77.7,-1.1,76.4,1.0,60,0.0,60,0.0,4.3,32.0,30.0,13.3,18.6,Philippines,99.4,$692.2 ,6.1,6.3,"$6,962",7.1,4.2,"6,200.5",37.2
132,Poland,Poland,Europe,39,18,69.3,0.7,65.0,5.0,61.0,1.0,75.5,-6.6,46.5,-0.6,68.7,1.4,58.0,-2.4,85.2,3.9,88,0.0,75,5.0,70,0.0,1.0,32.0,19.0,32.7,42.2,Poland,38.0,$954.5 ,3.3,3.0,"$25,105",9.2,-0.0,"13,882.8",48.8
133,Portugal,Portugal,Europe,64,30,65.1,-0.2,70.0,0.0,63.0,1.0,60.5,-0.6,24.8,-4.0,85.3,-2.2,43.5,0.6,85.7,2.9,88,0.0,70,0.0,60,0.0,1.0,48.0,23.0,33.4,50.1,Portugal,10.4,$280.4 ,0.9,-0.9,"$26,975",14.2,-0.2,"8,807.1",130.2
134,Qatar,Qatar,Middle East / North Africa,34,3,70.7,-0.1,65.0,-5.0,69.0,1.0,99.7,0.0,70.4,-1.5,71.4,0.9,70.7,-0.5,74.1,-5.6,81.8,0.0,45,0.0,60,10.0,4.1,0.0,0.0,5.2,31.4,Qatar,2.2,$320.5 ,6.1,9.7,"$143,427",0.3,3.0,"1,040.4",31.5
135,Romania,Romania,Europe,61,29,65.6,-1.0,35.0,-5.0,43.0,0.0,87.5,0.6,65.6,3.3,66.1,-3.7,65.1,-3.5,81.1,3.8,88,0.0,75,-5.0,50,0.0,1.0,16.0,16.0,27.2,33.8,Romania,19.9,$392.8 ,2.9,1.4,"$19,712",7.0,1.1,"3,234.0",40.4
136,Russia,Russia,Europe,153,42,50.6,-1.5,20.0,0.0,27.0,-1.0,82.2,-3.9,56.2,-1.6,72.2,-4.1,57.6,-1.3,62.9,-1.0,72.4,-2.6,25,0.0,30,0.0,6.3,13.0,20.0,34.8,38.2,Russia,143.7,"$3,564.5 ",0.6,2.8,"$24,805",5.1,7.8,"20,957.7",17.9
137,Rwanda,Rwanda,Sub-Saharan Africa,71,4,63.1,-1.7,30.0,0.0,49.0,-4.0,80.1,-0.1,77.1,-2.1,60.5,1.0,82.0,-2.5,79.4,3.4,67.6,-13.2,65,0.0,40,0.0,8.7,30.0,30.0,13.9,27.6,Rwanda,11.1,$18.8 ,7.0,6.8,"$1,698",0.6,1.8,267.7,28.0
138,Saint. Lucia,SaintLucia,South and Central America / Caribbean,38,4,70.0,-0.2,70.0,0.0,71.0,0.0,76.9,-0.8,70.6,4.8,77.6,2.0,76.2,-3.6,80.3,-5.2,72,0.0,65,0.0,40,0.0,9.0,30.0,30.0,22.6,31.3,St. Lucia,0.2,$2.0 ,-1.1,0.0,"$11,594",N/A,2.5,75.2,83.9
139,Saint. Vincent and the Grenadines,SaintVincentGrenadines,South and Central America / Caribbean,40,5,68.8,0.8,70.0,0.0,67.0,5.0,73.8,0.5,69.7,-5.6,77.6,6.8,74.5,-3.7,85.3,3.0,65.4,-3.0,65,5.0,40,0.0,12.3,32.5,33.0,21.7,31.8,St. Vincent and the Grenadines,0.1,$1.2 ,1.1,0.5,"$10,778",N/A,0.2,138.6,75.1
140,Samoa,Samoa,Asia-Pacific,69,13,63.5,1.6,60.0,0.0,52.0,14.0,78.9,-1.3,57.5,11.0,77.1,3.5,71.8,-6.6,82.5,1.3,70.6,-5.2,55,0.0,30,0.0,9.7,27.0,27.0,25.6,37.6,Samoa,0.2,$1.0 ,1.9,1.2,"$5,180",N/A,-1.2,22.9,54.978
141,São Tomé and Príncipe,SaoTomePrincipe,Sub-Saharan Africa,120,22,56.7,3.4,25.0,0.0,42.0,0.0,87.4,-0.4,70.1,28.7,65.9,0.8,46.1,0.3,67.6,-3.1,73,-2.2,60,10.0,30,0.0,8.5,20.0,25.0,15.2,31.6,São Tomé and Príncipe,0.2,$0.6 ,4.5,4.4,"$3,153",N/A,7.0,19.9,68.2
142,Saudi Arabia,SaudiArabia,Middle East / North Africa,78,8,62.1,0.0,40.0,0.0,49.0,3.0,99.7,0.0,56.8,-5.1,69.9,4.1,68.5,-4.2,69.2,0.8,77.8,1.4,40,0.0,50,0.0,3.6,2.5,2.5,4.3,38.0,Saudi Arabia,30.8,"$1,605.7 ",3.6,5.3,"$52,183",5.6,2.7,"8,012.0",1.6
143,Senegal,Senegal,Sub-Saharan Africa,111,18,58.1,0.3,40.0,0.0,43.0,2.0,71.6,0.3,76.1,1.5,49.1,-5.5,42.4,2.9,84.9,1.9,73.8,-0.2,60,0.0,40,0.0,8.1,40.0,30.0,18.4,28.2,Senegal,14.5,$33.6 ,4.5,3.4,"$2,311",10.0,-0.5,342.7,50.7
144,Serbia,Serbia,Europe,77,33,62.1,2.1,50.0,5.0,41.0,-1.0,84.3,1.9,44.1,17.0,60.2,2.4,66.2,-4.2,77.5,5.3,77.8,-0.4,70,-5.0,50,0.0,6.1,15.0,15.0,33.4,43.2,Serbia,7.2,$95.5 ,-1.8,0.3,"$13,329",22.2,2.1,"1,996.1",72.4
145,Seychelles,Seychelles,Sub-Saharan Africa,76,6,62.2,4.7,50.0,0.0,55.0,1.0,79.3,-0.5,62.0,2.6,66,-1.7,62.1,-1.8,79.7,3.7,83.4,39.4,55,5.0,30,0.0,3.3,15.0,33.0,27.5,35.6,Seychelles,0.1,$2.4 ,2.9,5.9,"$25,607",N/A,1.4,228.7,64.6
146,Sierra Leone,SierraLeone,Sub-Saharan Africa,142,33,52.3,0.6,10.0,0.0,31.0,1.0,81.2,0.4,92.6,5.1,49.9,-3.5,43.2,1.6,70.8,2.3,69.4,-0.8,55,0.0,20,0.0,10.3,30.0,30.0,8.8,15.7,Sierra Leone,6.2,$12.6 ,6.0,10.5,"$2,027",3.3,8.3,439.9,38.8
147,Singapore,Singapore,Asia-Pacific,2,2,87.8,-1.6,90.0,0.0,84.0,-2.0,91.2,0.0,90.1,-3.7,95,-1.9,90.7,-6.2,81.8,-1.9,90,0.0,85,0.0,80,0.0,0.0,20.0,17.0,13.8,18.2,Singapore,5.5,$452.7 ,2.9,6.4,"$82,762",3.0,1.0,"67,523.0",98.8
148,Slovak Republic,Slovakia,Europe,56,25,66.6,-0.6,50.0,0.0,50.0,3.0,80.1,-0.7,49.5,-5.6,68.4,-1.2,55.0,-1.5,79.5,4.0,88,0.0,75,-5.0,70,0.0,1.0,25.0,22.0,29.6,41.0,Slovakia,5.4,$152.6 ,2.4,2.6,"$28,175",13.3,-0.1,478.7,54.0
149,Slovenia,Slovenia,Europe,90,37,60.6,0.3,60.0,0.0,58.0,1.0,58.6,0.5,0.0,0.0,82,0.8,55.4,-1.7,84.3,3.0,88,0.0,70,0.0,50,0.0,1.0,50.0,17.0,36.8,59.9,Slovenia,2.1,$61.1 ,2.6,0.2,"$29,658",9.5,0.2,"1,564.3",82.9
150,Solomon Islands,SolomonIslands,Asia-Pacific,161,37,47.0,0.0,30.0,0.0,25.0,0.0,61.4,0.3,25.2,-0.5,68.5,0.8,66.2,-2.4,75.5,1.2,73,0.0,15,0.0,30,0.0,8.5,40.0,30.0,36.9,49.9,Solomon Islands,0.6,$1.1 ,1.5,5.8,"$1,895",3.9,5.1,23.7,13.4
151,South Africa,SouthAfrica,Sub-Saharan Africa,80,7,61.9,-0.7,50.0,0.0,44.0,2.0,70.1,0.6,69.9,1.7,69.7,-3.3,58.7,-2.9,74.6,-0.3,77,0.4,45,-5.0,60,0.0,4.0,40.0,28.0,24.7,31.7,South Africa,54.0,$704.5 ,1.5,2.4,"$13,046",25.1,6.1,"5,712.3",45.9
152,Spain,Spain,Europe,43,20,68.5,0.9,70.0,0.0,60.0,1.0,58.3,5.2,41.1,1.3,76,-1.5,51.7,-0.9,84.7,3.4,88,0.0,85,0.0,70,0.0,1.0,47.0,30.0,32.6,44.3,Spain,46.5,"$1,566.4 ",1.4,-0.5,"$33,711",24.7,-0.2,"22,904.1",97.7
153,Sri Lanka,SriLanka,Asia-Pacific,93,17,59.9,1.3,40.0,5.0,38.0,1.0,85.1,0.1,90.0,1.6,70.3,-2.2,56.5,-2.2,71.5,3.3,72.4,0.8,35,5.0,40,0.0,6.3,24.0,28.0,11.6,18.3,Sri Lanka,21.0,$217.4 ,7.4,7.5,"$10,372",4.6,3.3,944.2,75.876
154,Sudan,Sudan,Sub-Saharan Africa,N/A,N/A,N/A,N/A,N/A,N/A,11.0,0.0,86.4,0.0,94.8,0.3,48.8,-0.2,43.5,-0.3,46.7,-6.1,50.6,-5.0,10,-5.0,N/A,N/A,14.7,10.0,35.0,6.1,13.1,Sudan,37.3,$159.1 ,3.4,1.1,"$4,267",14.8,36.9,"1,277.4",74.2
155,Suriname,Suriname,South and Central America / Caribbean,134,23,53.8,-0.4,30.0,-5.0,36.0,0.0,69.4,0.1,70.3,-3.5,48.8,6.6,76.3,-5.6,78.7,1.5,68.4,2.2,30,0.0,30,0.0,10.8,38.0,36.0,17.9,31.5,Suriname,0.6,$9.2 ,2.9,4.3,"$16,623",5.6,3.4,4.2,34.1
156,Swaziland,Swaziland,Sub-Saharan Africa,94,11,59.7,-0.2,40.0,0.0,43.0,4.0,70.9,-5.5,64.9,-3.7,58.6,-1.9,65.8,-3.5,74.5,0.6,88.8,12.8,50,-5.0,40,0.0,0.6,33.0,27.5,32.6,34.2,Swaziland,1.1,$8.6 ,1.7,1.5,"$7,797",22.3,5.8,12.7,16.2
157,Sweden,Sweden,Europe,26,14,72.0,-0.7,90.0,0.0,87.0,-2.0,44.4,1.4,14.9,-4.3,89.7,1.8,53.5,-0.5,87.1,1.6,88,0.0,85,-5.0,80,0.0,1.0,57.0,22.0,42.8,53.2,Sweden,9.7,$448.2 ,2.1,2.4,"$45,986",8.0,-0.2,"10,036.2",41.5
158,Switzerland,Switzerland,Europe,4,1,81.0,0.5,90.0,0.0,86.0,1.0,70.9,0.6,66.3,1.2,82.2,4.1,72.1,-3.2,87.8,1.5,90,0.0,85,0.0,80,0.0,0.0,40.0,24.0,27.1,33.5,Switzerland,8.1,$472.8 ,2.0,2.0,"$58,087",4.5,-0.0,"21,914.3",46.1
159,Syria,Syria,Middle East / North Africa,N/A,N/A,N/A,N/A,10.0,0.0,20.0,3.0,N/A,N/A,N/A,N/A,62.4,5.1,46.9,-2.2,42.7,N/A,56.6,N/A,0,0.0,20,0.0,14.2,22.0,28.0,N/A,N/A,Syria,18.1,$73.00 ,0.4,N/A,"$4,020 ",N/A,29.2,N/A,N/A
160,Taiwan ,Taiwan,Asia-Pacific,14,5,74.7,-0.4,70.0,0.0,61.0,0.0,76.1,-4.3,88.7,1.6,93.2,0.8,53.8,-1.4,83.2,-0.1,86.4,0.0,75,0.0,60,0.0,1.8,45.0,17.0,8.7,19.4,Taiwan,23.4,"$1,074.5 ",3.7,4.5,"$45,854",4.0,1.2,"2,839.0",37.6
161,Tajikistan,Tajikistan,Asia-Pacific,149,33,51.3,-1.4,20.0,0.0,23.0,1.0,91.6,-0.5,76.9,-5.0,61.1,-4.3,47.3,0.9,69.8,0.2,68.6,-6.0,25,0.0,30,0.0,5.7,13.0,15.0,21.0,27.7,Tajikistan,8.3,$22.3 ,6.7,7.1,"$2,688",10.9,6.1,262.7,28.2
162,Tanzania,Tanzania,Sub-Saharan Africa,110,17,58.5,1.0,25.0,-5.0,31.0,-2.0,79.2,-0.7,88.4,9.1,47.5,2.5,62.6,1.2,67.7,-2.0,73.2,6.2,60,0.0,50,0.0,8.4,30.0,30.0,16.8,19.7,Tanzania,47.7,$127.1 ,7.2,6.8,"$2,667",3.1,6.1,"2,141.6",33.2
163,Thailand,Thailand,Asia-Pacific,67,11,63.9,1.5,40.0,0.0,38.0,3.0,81.1,-0.4,82.2,0.8,76.3,3.8,62.5,-1.0,70.9,1.0,77.6,2.2,50,5.0,60,0.0,6.2,35.0,20.0,16.2,24.3,Thailand,68.7,$985.5 ,0.7,3.6,"$14,354",0.9,1.9,"12,565.7",47.2
164,Timor-Leste,TimorLeste,Asia-Pacific,167,40,45.8,0.3,20.0,0.0,28.0,-2.0,64.7,0.0,0.0,0.0,68,8.2,66.0,-6.0,70.9,2.2,80,0.4,40,0.0,20,0.0,2.5,10.0,10.0,318.1,110.5,Timor-Leste,1.2,$6.1 ,6.6,8.8,"$4,928",4.7,2.5,33.9,0
165,Togo,Togo,Sub-Saharan Africa,135,29,53.6,0.1,30.0,0.0,29.0,0.0,68.7,-1.0,80.4,2.3,51.4,-0.5,46.2,2.8,79.5,-0.9,71.2,3.4,50,0.0,30,0.0,9.4,45.0,27.0,19.5,25.5,Togo,7.0,$10.1 ,5.2,5.1,"$1,450",6.9,0.1,292.1,54.7
166,Tonga,Tonga,Asia-Pacific,95,18,59.6,0.3,25.0,5.0,28.6,0.0,86.9,-0.3,76.3,-2.7,76.4,2.3,86.1,-6.0,77.4,3.9,79.6,1.2,40,0.0,20,0.0,5.2,20.0,25.0,17.0,28.1,Tonga,0.1,$0.5 ,2.3,1.1,"$4,883",N/A,1.3,56.0,42.9
167,Trinidad and Tobago,TrinidadTobago,South and Central America / Caribbean,73,14,62.9,-1.2,50.0,0.0,38.0,0.0,79.4,0.4,62.3,-7.0,69.5,4.2,72.8,-3.8,68.5,-5.8,78.6,0.0,60,0.0,50,0.0,5.7,25.0,25.0,28.4,35.5,Trinidad and Tobago,1.4,$43.4 ,1.1,0.8,"$32,139",4.0,7.0,"2,423.0",37.6
168,Tunisia,Tunisia,Middle East / North Africa,114,11,57.6,-0.1,40.0,0.0,40.0,-1.0,74.0,-0.3,73.4,2.6,81.3,0.1,64.0,-5.1,75.6,0.8,62.2,1.0,35,0.0,30,0.0,13.9,35.0,30.0,21.7,29.8,Tunisia,11.0,$124.3 ,2.3,1.8,"$11,300",13.3,4.9,"1,060.3",47.5
169,Turkey,Turkey,Europe,79,34,62.1,-1.1,40.0,-5.0,45.0,-5.0,75.2,-0.9,55.6,-2.0,65.4,4.4,48.6,-1.6,71.5,-0.9,84.4,-0.2,75,0.0,60,0.0,2.8,35.0,20.0,29.3,38.5,Turkey,76.9,"$1,508.1 ",2.9,5.4,"$19,610",9.2,8.9,"12,146.0",33.5
170,Turkmenistan,Turkmenistan,Asia-Pacific,174,41,41.9,0.5,5.0,0.0,17.0,0.0,95.3,1.3,92.2,-1.3,30,0.0,20.0,0.0,69.4,5.2,80,0.0,0,0.0,10,0.0,0.0,10.0,8.0,17.4,16.1,Turkmenistan,5.8,$82.1 ,10.3,11.1,"$14,165",10.5,6.0,"3,163.5",16.8
171,Uganda,Uganda,Sub-Saharan Africa,102,13,59.3,-0.4,25.0,0.0,26.0,0.0,73.2,-0.1,91.5,2.5,40.3,-3.0,83.7,-3.8,80.1,3.8,72.8,-3.8,60,0.0,40,0.0,8.6,40.0,30.0,13.4,16.8,Uganda,38.0,$76.9 ,4.9,5.2,"$2,023",3.8,4.7,"1,146.6",30.4
172,Ukraine,Ukraine,Europe,162,44,46.8,-0.1,25.0,5.0,26.0,1.0,78.6,-0.1,30.6,2.6,56.8,-2.5,47.9,-0.3,66.9,-11.7,85.8,0.0,20,5.0,30,0.0,2.1,20.0,18.0,37.6,48.1,Ukraine,42.8,$370.8 ,-6.8,-0.2,"$8,668",7.7,12.1,410.0,71.2
173,United Arab Emirates,UnitedArabEmirates,Middle East / North Africa,25,2,72.6,0.2,55.0,0.0,70.0,1.0,95.0,-4.5,76.1,-9.7,79.6,4.9,80.7,-3.1,81.3,-2.5,82.8,0.4,45,5.0,60,10.0,3.6,0.0,0.0,22.4,28.2,United Arab Emirates,9.3,$599.8 ,3.6,4.0,"$64,479",3.6,2.3,"10,065.8",12.1
174,United Kingdom,UnitedKingdom,Europe,10,4,76.4,0.6,90.0,0.0,78.0,2.0,64.9,2.0,39.0,8.7,86,-5.1,71.8,-3.8,76.4,2.0,88,0.0,90,0.0,80,0.0,1.0,45.0,20.0,32.9,45.1,United Kingdom,64.5,"$2,548.9 ",2.6,1.7,"$39,511",6.3,1.5,"72,241.0",89.5
175,United States,UnitedStates,North America,11,2,75.4,-0.8,80.0,0.0,74.0,1.0,65.6,-0.6,54.7,2.9,84.7,-4.1,91.4,-7.1,77.0,0.4,87,0.0,70,0.0,70,0.0,1.5,39.6,35.0,25.4,38.9,United States,319.0,"$17,418.9 ",2.4,2.2,"$54,597",6.2,1.6,"92,397.0",104.8
176,Uruguay,Uruguay,South and Central America / Caribbean,41,6,68.8,0.2,70.0,0.0,73.0,0.0,77.2,0.1,67.6,2.5,75.3,2.7,62.5,-1.8,71.3,-0.3,80.6,-1.2,80,0.0,30,0.0,4.7,30.0,25.0,27.4,32.9,Uruguay,3.4,$70.0 ,3.3,5.4,"$20,556",7.0,8.9,"2,754.5",62.8
177,Uzbekistan,Uzbekistan,Asia-Pacific,166,39,46.0,-1.0,15.0,0.0,18.0,1.0,90.4,0.2,66.6,-0.7,67.1,-6.0,61.9,-2.3,65.6,2.1,65.6,-4.2,0,0.0,10,0.0,7.2,22.0,9.0,19.9,33.4,Uzbekistan,30.6,$171.7 ,8.1,8.2,"$5,609",10.6,8.4,751.4,8.5
178,Vanuatu,Vanuatu,Asia-Pacific,89,15,60.8,-0.3,40.0,0.0,33.5,0.0,97.0,-0.2,86.1,2.3,51.8,0.3,47.7,1.3,78.3,-4.6,74,-1.4,60,0.0,40,0.0,5.5,0.0,0.0,17.2,21.5,Vanuatu,0.3,$0.7 ,2.9,1.9,"$2,608",N/A,1.0,-22.3,18.5
179,Venezuela,Venezuela,South and Central America / Caribbean,176,28,33.7,-0.6,5.0,0.0,19.0,-1.0,74.9,-0.1,56.7,4.7,45.3,3.7,29.5,5.3,33.8,-9.0,63.2,0.4,0,0.0,10,-10.0,8.4,34.0,34.0,13.9,38.0,Venezuela,30.5,$538.9 ,-4.0,1.1,"$17,695",8.6,62.2,320.0,45.6
180,Vietnam,Vietnam,Asia-Pacific,131,27,54.0,2.3,15.0,0.0,31.0,0.0,79.3,0.2,75.1,-2.0,58.3,-3.2,62.6,-0.3,70.6,3.8,83,4.4,25,10.0,40,10.0,3.5,35.0,22.0,18.9,28.8,Vietnam,90.6,$510.7 ,6.0,5.9,"$5,635",2.3,4.1,"9,200.0",58.7
181,Yemen,Yemen,Middle East / North Africa,N/A,N/A,N/A,N/A,30.0,0.0,19.0,1.0,N/A,N/A,N/A,N/A,51.9,-2.1,54.4,-2.7,71.0,2.5,N/A,N/,N/A,N/A,30,0.0,N/A,20.0,20.0,N/A,30.8,Yemen,27.5,$103.6 ,-0.2,0.4,"$3,774",17.4,8.2,-577.6,48.9
182,Zambia,Zambia,Sub-Saharan Africa,106,16,58.8,0.1,30.0,0.0,38.0,0.0,73.3,1.4,81.1,3.1,66.4,-1.8,48.3,2.3,72.6,-0.6,78.2,1.4,50,-5.0,50,0.0,3.4,35.0,35.0,14.7,25.1,Zambia,15.0,$61.0 ,5.4,7.1,"$4,064",13.3,7.9,"2,483.8",31.1
183,Zimbabwe,Zimbabwe,Sub-Saharan Africa,175,46,38.2,0.6,10.0,0.0,21.0,0.0,60.8,-5.8,73.6,-0.6,37.6,0.5,30.0,6.3,79.1,3.7,50.2,-8.2,10,10.0,10,0.0,14.9,51.5,25.0,25.3,29.7,Zimbabwe,13.3,$27.1 ,3.2,8.3,"$2,046",5.4,-0.2,544.8,54.0
184,Somalia,Somalia,Sub-Saharan Africa,N/A,N/A,N/A,N/A,N/A,N/A,8.0,0.0,N/A,N/A,N/A,N/A,N/A,N/A,N/A,N/A,N/A,N/A,N/A,N/A,N/A,N/A,N/A,N/A,N/A,N/A,N/A,N/A,N/A,Somalia,10.5,N/A,3.7,N/A,$600 ,N/A,N/A,N/A,N/A
185,Kosovo,Kosovo,Europe,84,35,61.4,,30.0,0.0,33.0,0.0,93.6,N/A,76.8,2.9,69.3,2.5,66.3,-5.8,78.9,4.0,70.8,N/A,65,0.0,30,N/A,7.1,10.0,10.0,21.0,27.8,Kosovo,1.87,$16.9 ,2.7,3.3,"$9,037 ",30,0.4,N/A,19.1
186,Brunei Darussalam,Brunei ,Asia-Pacific,51,10,67.3,-1.6,30.0,-5.0,60.0,0.0,87.0,0.0,57.3,-6.3,71.3,3.0,90.2,0.2,76.8,0.2,85.2,3.4,65,-5.0,50,0.0,2.4,0.0,20.0,30.0,37.7,Brunei,0.4,$30.2 ,-0.7,0.9,"$73,233",3.8,-0.2,567.9,2.6
,,,,,,,,,,,,,,,,,,,,,,,,,,,,,,,,,,,,,,,,,,
,,,,,,,,,,,,,,,,,,,,,,,,,,,,,,,,,,,,,,,,,,
,,,,,,,,,,,,,,,,,,,,,,,,,,,,,,,,,,,,,,,,,,
,,,,,,,,,,,,,,,,,,,,,,,,,,,,,,,,,,,,,,,,,,
,,,,,,,,,,,,,,,,,,,,,,,,,,,,,,,,,,,,,,,,,,
,,,,,,,,,,,,,,,,,,,,,,,,,,,,,,,,,,,,,,,,,,
,,,,,,,,,,,,,,,,,,,,,,,,,,,,,,,,,,,,,,,,,,
,,,,,,,,,,,,,,,,,,,,,,,,,,,,,,,,,,,,,,,,,,
,,,,,,,,,,,,,,,,,,,,,,,,,,,,,,,,,,,,,,,,,,
,,,,,,,,,,,,,,,,,,,,,,,,,,,,,,,,,,,,,,,,,,
,,,,,,,,,,,,,,,,,,,,,,,,,,,,,,,,,,,,,,,,,,
,,,,,,,,,,,,,,,,,,,,,,,,,,,,,,,,,,,,,,,,,,
,,,,,,,,,,,,,,,,,,,,,,,,,,,,,,,,,,,,,,,,,,
,,,,,,,,,,,,,,,,,,,,,,,,,,,,,,,,,,,,,,,,,,